,Angle,Mean Peak Value
0,0,8.300935
1,4,7.951218
2,8,7.776513
3,12,7.951218
4,16,7.951218
5,20,7.863866
6,24,7.601809
7,28,6.990035
8,32,6.553273
9,36,6.203863
10,40,5.679441
11,44,5.155327
12,48,4.587383
13,52,4.762088
14,56,5.417384
15,60,5.941498
16,64,6.553273
17,68,6.990035
18,72,7.427104
19,76,7.776513
20,80,8.03857
21,84,8.125923
22,88,8.213583
23,92,7.863866
